user_id,username,email,password,email_preference,region
2,testuser,aaa@gmail.com,hacked!,All,None
3,newUser,email@yahoo.com,hacked!,All,None
4,a,aaaaaaaaaaa,hacked!,All,None
5,sessionTest,aaaae2aa@gmail.com,hacked!,All,None
6,123,pppwdwd@gmail.co.uk,hacked!,All,None
7,323564,23456@243564.com,hacked!,All,None
8,qqrwte4y5u6,2r3tf,hacked!,All,None
9,3545,545,hacked!,All,None
10,1,1,hacked!,All,None
11,2,2,hacked!,All,None
12,3,3,hacked!,All,None
13,sdfghj,asdfghjk,43,All,None
14,445,34y5hgry5@coin_flip.com,4%,All,None
15,drr,drr,drr,All,None
16,t,t,t,All,None
17,wdwdwd,wd,w,All,None
18,w,w,w,All,None
19,6mm.,wewewe@wewe.ewe,w,All,None
20,3456ytr45,234rtr@grgr.com,we,All,None
21,k,k@kk.com,k,All,None
1,logan9997,loganbax101@gmail.com,a,All,None
